{"cameraMode":{"drawMode":0,"name":"Shaded","section":"Shading Mode"},"sceneLighting":true,"audioPlay":false,"sceneViewState":{"m_AlwaysRefresh":false,"showFog":true,"showSkybox":false,"showFlares":true,"showImageEffects":true,"showParticleSystems":true,"showVisualEffectGraphs":true,"m_FxEnabled":true},"in2DMode":false,"pivot":{"x":30.229236602783204,"y":-30.47174835205078,"z":197.08961486816407},"rotation":{"x":0.11503612250089646,"y":0.09403538703918457,"z":-0.010934475809335709,"w":0.9888668656349182},"size":107.45904541015625,"orthographic":false}